path,speaker,label
data/raw/spk01/next/next_0000.wav,spk01,next
data/raw/spk01/next/next_0001.wav,spk01,next
data/raw/spk01/next/next_0002.wav,spk01,next
data/raw/spk01/next/next_0003.wav,spk01,next
data/raw/spk01/next/next_0004.wav,spk01,next
data/raw/spk01/next/next_0005.wav,spk01,next
data/raw/spk01/next/next_0006.wav,spk01,next
data/raw/spk01/next/next_0007.wav,spk01,next
data/raw/spk01/next/next_0008.wav,spk01,next
data/raw/spk01/next/next_0009.wav,spk01,next
data/raw/spk01/next/next_0010.wav,spk01,next
data/raw/spk01/next/next_0011.wav,spk01,next
data/raw/spk01/next/next_0012.wav,spk01,next
data/raw/spk01/next/next_0013.wav,spk01,next
data/raw/spk01/next/next_0014.wav,spk01,next
data/raw/spk01/next/next_0015.wav,spk01,next
data/raw/spk01/next/next_0016.wav,spk01,next
data/raw/spk01/next/next_0017.wav,spk01,next
data/raw/spk01/next/next_0018.wav,spk01,next
data/raw/spk01/next/next_0019.wav,spk01,next
data/raw/spk01/next/next_0020.wav,spk01,next
data/raw/spk01/next/next_0021.wav,spk01,next
data/raw/spk01/next/next_0022.wav,spk01,next
data/raw/spk01/next/next_0023.wav,spk01,next
data/raw/spk01/next/next_0024.wav,spk01,next
data/raw/spk01/next/next_0025.wav,spk01,next
data/raw/spk01/next/next_0026.wav,spk01,next
data/raw/spk01/next/next_0027.wav,spk01,next
data/raw/spk01/next/next_0028.wav,spk01,next
data/raw/spk01/next/next_0029.wav,spk01,next
data/raw/spk01/prev/prev_0000.wav,spk01,prev
data/raw/spk01/prev/prev_0001.wav,spk01,prev
data/raw/spk01/prev/prev_0002.wav,spk01,prev
data/raw/spk01/prev/prev_0003.wav,spk01,prev
data/raw/spk01/prev/prev_0004.wav,spk01,prev
data/raw/spk01/prev/prev_0005.wav,spk01,prev
data/raw/spk01/prev/prev_0006.wav,spk01,prev
data/raw/spk01/prev/prev_0007.wav,spk01,prev
data/raw/spk01/prev/prev_0008.wav,spk01,prev
data/raw/spk01/prev/prev_0009.wav,spk01,prev
data/raw/spk01/prev/prev_0010.wav,spk01,prev
data/raw/spk01/prev/prev_0011.wav,spk01,prev
data/raw/spk01/prev/prev_0012.wav,spk01,prev
data/raw/spk01/prev/prev_0013.wav,spk01,prev
data/raw/spk01/prev/prev_0014.wav,spk01,prev
data/raw/spk01/prev/prev_0015.wav,spk01,prev
data/raw/spk01/prev/prev_0016.wav,spk01,prev
data/raw/spk01/prev/prev_0017.wav,spk01,prev
data/raw/spk01/prev/prev_0018.wav,spk01,prev
data/raw/spk01/prev/prev_0019.wav,spk01,prev
data/raw/spk01/prev/prev_0020.wav,spk01,prev
data/raw/spk01/prev/prev_0021.wav,spk01,prev
data/raw/spk01/prev/prev_0022.wav,spk01,prev
data/raw/spk01/prev/prev_0023.wav,spk01,prev
data/raw/spk01/prev/prev_0024.wav,spk01,prev
data/raw/spk01/prev/prev_0025.wav,spk01,prev
data/raw/spk01/prev/prev_0026.wav,spk01,prev
data/raw/spk01/prev/prev_0027.wav,spk01,prev
data/raw/spk01/prev/prev_0028.wav,spk01,prev
data/raw/spk01/prev/prev_0029.wav,spk01,prev
data/raw/spk01/stop/stop_0000.wav,spk01,stop
data/raw/spk01/stop/stop_0001.wav,spk01,stop
data/raw/spk01/stop/stop_0002.wav,spk01,stop
data/raw/spk01/stop/stop_0003.wav,spk01,stop
data/raw/spk01/stop/stop_0004.wav,spk01,stop
data/raw/spk01/stop/stop_0005.wav,spk01,stop
data/raw/spk01/stop/stop_0006.wav,spk01,stop
data/raw/spk01/stop/stop_0007.wav,spk01,stop
data/raw/spk01/stop/stop_0008.wav,spk01,stop
data/raw/spk01/stop/stop_0009.wav,spk01,stop
data/raw/spk01/stop/stop_0010.wav,spk01,stop
data/raw/spk01/stop/stop_0011.wav,spk01,stop
data/raw/spk01/stop/stop_0012.wav,spk01,stop
data/raw/spk01/stop/stop_0013.wav,spk01,stop
data/raw/spk01/stop/stop_0014.wav,spk01,stop
data/raw/spk01/stop/stop_0015.wav,spk01,stop
data/raw/spk01/stop/stop_0016.wav,spk01,stop
data/raw/spk01/stop/stop_0017.wav,spk01,stop
data/raw/spk01/stop/stop_0018.wav,spk01,stop
data/raw/spk01/stop/stop_0019.wav,spk01,stop
data/raw/spk01/stop/stop_0020.wav,spk01,stop
data/raw/spk01/stop/stop_0021.wav,spk01,stop
data/raw/spk01/stop/stop_0022.wav,spk01,stop
data/raw/spk01/stop/stop_0023.wav,spk01,stop
data/raw/spk01/stop/stop_0024.wav,spk01,stop
data/raw/spk01/stop/stop_0025.wav,spk01,stop
data/raw/spk01/stop/stop_0026.wav,spk01,stop
data/raw/spk01/stop/stop_0027.wav,spk01,stop
data/raw/spk01/stop/stop_0028.wav,spk01,stop
data/raw/spk01/stop/stop_0029.wav,spk01,stop
data/raw/spk01/play/play_0000.wav,spk01,play
data/raw/spk01/play/play_0001.wav,spk01,play
data/raw/spk01/play/play_0002.wav,spk01,play
data/raw/spk01/play/play_0003.wav,spk01,play
data/raw/spk01/play/play_0004.wav,spk01,play
data/raw/spk01/play/play_0005.wav,spk01,play
data/raw/spk01/play/play_0006.wav,spk01,play
data/raw/spk01/play/play_0007.wav,spk01,play
data/raw/spk01/play/play_0008.wav,spk01,play
data/raw/spk01/play/play_0009.wav,spk01,play
data/raw/spk01/play/play_0010.wav,spk01,play
data/raw/spk01/play/play_0011.wav,spk01,play
data/raw/spk01/play/play_0012.wav,spk01,play
data/raw/spk01/play/play_0013.wav,spk01,play
data/raw/spk01/play/play_0014.wav,spk01,play
data/raw/spk01/play/play_0015.wav,spk01,play
data/raw/spk01/play/play_0016.wav,spk01,play
data/raw/spk01/play/play_0017.wav,spk01,play
data/raw/spk01/play/play_0018.wav,spk01,play
data/raw/spk01/play/play_0019.wav,spk01,play
data/raw/spk01/play/play_0020.wav,spk01,play
data/raw/spk01/play/play_0021.wav,spk01,play
data/raw/spk01/play/play_0022.wav,spk01,play
data/raw/spk01/play/play_0023.wav,spk01,play
data/raw/spk01/play/play_0024.wav,spk01,play
data/raw/spk01/play/play_0025.wav,spk01,play
data/raw/spk01/play/play_0026.wav,spk01,play
data/raw/spk01/play/play_0027.wav,spk01,play
data/raw/spk01/play/play_0028.wav,spk01,play
data/raw/spk01/play/play_0029.wav,spk01,play
data/raw/spk01/unknown/unknown_0000.wav,spk01,unknown
data/raw/spk01/unknown/unknown_0001.wav,spk01,unknown
data/raw/spk01/unknown/unknown_0002.wav,spk01,unknown
data/raw/spk01/unknown/unknown_0003.wav,spk01,unknown
data/raw/spk01/unknown/unknown_0004.wav,spk01,unknown
data/raw/spk01/unknown/unknown_0005.wav,spk01,unknown
data/raw/spk01/unknown/unknown_0006.wav,spk01,unknown
data/raw/spk01/unknown/unknown_0007.wav,spk01,unknown
data/raw/spk01/unknown/unknown_0008.wav,spk01,unknown
data/raw/spk01/unknown/unknown_0009.wav,spk01,unknown
data/raw/spk01/unknown/unknown_0010.wav,spk01,unknown
data/raw/spk01/unknown/unknown_0011.wav,spk01,unknown
data/raw/spk01/unknown/unknown_0012.wav,spk01,unknown
data/raw/spk01/unknown/unknown_0013.wav,spk01,unknown
data/raw/spk01/unknown/unknown_0014.wav,spk01,unknown
data/raw/spk01/unknown/unknown_0015.wav,spk01,unknown
data/raw/spk01/unknown/unknown_0016.wav,spk01,unknown
data/raw/spk01/unknown/unknown_0017.wav,spk01,unknown
data/raw/spk01/unknown/unknown_0018.wav,spk01,unknown
data/raw/spk01/unknown/unknown_0019.wav,spk01,unknown
data/raw/spk01/unknown/unknown_0020.wav,spk01,unknown
data/raw/spk01/unknown/unknown_0021.wav,spk01,unknown
data/raw/spk01/unknown/unknown_0022.wav,spk01,unknown
data/raw/spk01/unknown/unknown_0023.wav,spk01,unknown
data/raw/spk01/unknown/unknown_0024.wav,spk01,unknown
data/raw/spk01/unknown/unknown_0025.wav,spk01,unknown
data/raw/spk01/unknown/unknown_0026.wav,spk01,unknown
data/raw/spk01/unknown/unknown_0027.wav,spk01,unknown
data/raw/spk01/unknown/unknown_0028.wav,spk01,unknown
data/raw/spk01/unknown/unknown_0029.wav,spk01,unknown
data/raw/spk02/next/next_0000.wav,spk02,next
data/raw/spk02/next/next_0001.wav,spk02,next
data/raw/spk02/next/next_0002.wav,spk02,next
data/raw/spk02/next/next_0003.wav,spk02,next
data/raw/spk02/next/next_0004.wav,spk02,next
data/raw/spk02/next/next_0005.wav,spk02,next
data/raw/spk02/next/next_0006.wav,spk02,next
data/raw/spk02/next/next_0007.wav,spk02,next
data/raw/spk02/next/next_0008.wav,spk02,next
data/raw/spk02/next/next_0009.wav,spk02,next
data/raw/spk02/next/next_0010.wav,spk02,next
data/raw/spk02/next/next_0011.wav,spk02,next
data/raw/spk02/next/next_0012.wav,spk02,next
data/raw/spk02/next/next_0013.wav,spk02,next
data/raw/spk02/next/next_0014.wav,spk02,next
data/raw/spk02/next/next_0015.wav,spk02,next
data/raw/spk02/next/next_0016.wav,spk02,next
data/raw/spk02/next/next_0017.wav,spk02,next
data/raw/spk02/next/next_0018.wav,spk02,next
data/raw/spk02/next/next_0019.wav,spk02,next
data/raw/spk02/next/next_0020.wav,spk02,next
data/raw/spk02/next/next_0021.wav,spk02,next
data/raw/spk02/next/next_0022.wav,spk02,next
data/raw/spk02/next/next_0023.wav,spk02,next
data/raw/spk02/next/next_0024.wav,spk02,next
data/raw/spk02/next/next_0025.wav,spk02,next
data/raw/spk02/next/next_0026.wav,spk02,next
data/raw/spk02/next/next_0027.wav,spk02,next
data/raw/spk02/next/next_0028.wav,spk02,next
data/raw/spk02/next/next_0029.wav,spk02,next
data/raw/spk02/prev/prev_0000.wav,spk02,prev
data/raw/spk02/prev/prev_0001.wav,spk02,prev
data/raw/spk02/prev/prev_0002.wav,spk02,prev
data/raw/spk02/prev/prev_0003.wav,spk02,prev
data/raw/spk02/prev/prev_0004.wav,spk02,prev
data/raw/spk02/prev/prev_0005.wav,spk02,prev
data/raw/spk02/prev/prev_0006.wav,spk02,prev
data/raw/spk02/prev/prev_0007.wav,spk02,prev
data/raw/spk02/prev/prev_0008.wav,spk02,prev
data/raw/spk02/prev/prev_0009.wav,spk02,prev
data/raw/spk02/prev/prev_0010.wav,spk02,prev
data/raw/spk02/prev/prev_0011.wav,spk02,prev
data/raw/spk02/prev/prev_0012.wav,spk02,prev
data/raw/spk02/prev/prev_0013.wav,spk02,prev
data/raw/spk02/prev/prev_0014.wav,spk02,prev
data/raw/spk02/prev/prev_0015.wav,spk02,prev
data/raw/spk02/prev/prev_0016.wav,spk02,prev
data/raw/spk02/prev/prev_0017.wav,spk02,prev
data/raw/spk02/prev/prev_0018.wav,spk02,prev
data/raw/spk02/prev/prev_0019.wav,spk02,prev
data/raw/spk02/prev/prev_0020.wav,spk02,prev
data/raw/spk02/prev/prev_0021.wav,spk02,prev
data/raw/spk02/prev/prev_0022.wav,spk02,prev
data/raw/spk02/prev/prev_0023.wav,spk02,prev
data/raw/spk02/prev/prev_0024.wav,spk02,prev
data/raw/spk02/prev/prev_0025.wav,spk02,prev
data/raw/spk02/prev/prev_0026.wav,spk02,prev
data/raw/spk02/prev/prev_0027.wav,spk02,prev
data/raw/spk02/prev/prev_0028.wav,spk02,prev
data/raw/spk02/prev/prev_0029.wav,spk02,prev
data/raw/spk02/stop/stop_0000.wav,spk02,stop
data/raw/spk02/stop/stop_0001.wav,spk02,stop
data/raw/spk02/stop/stop_0002.wav,spk02,stop
data/raw/spk02/stop/stop_0003.wav,spk02,stop
data/raw/spk02/stop/stop_0004.wav,spk02,stop
data/raw/spk02/stop/stop_0005.wav,spk02,stop
data/raw/spk02/stop/stop_0006.wav,spk02,stop
data/raw/spk02/stop/stop_0007.wav,spk02,stop
data/raw/spk02/stop/stop_0008.wav,spk02,stop
data/raw/spk02/stop/stop_0009.wav,spk02,stop
data/raw/spk02/stop/stop_0010.wav,spk02,stop
data/raw/spk02/stop/stop_0011.wav,spk02,stop
data/raw/spk02/stop/stop_0012.wav,spk02,stop
data/raw/spk02/stop/stop_0013.wav,spk02,stop
data/raw/spk02/stop/stop_0014.wav,spk02,stop
data/raw/spk02/stop/stop_0015.wav,spk02,stop
data/raw/spk02/stop/stop_0016.wav,spk02,stop
data/raw/spk02/stop/stop_0017.wav,spk02,stop
data/raw/spk02/stop/stop_0018.wav,spk02,stop
data/raw/spk02/stop/stop_0019.wav,spk02,stop
data/raw/spk02/stop/stop_0020.wav,spk02,stop
data/raw/spk02/stop/stop_0021.wav,spk02,stop
data/raw/spk02/stop/stop_0022.wav,spk02,stop
data/raw/spk02/stop/stop_0023.wav,spk02,stop
data/raw/spk02/stop/stop_0024.wav,spk02,stop
data/raw/spk02/stop/stop_0025.wav,spk02,stop
data/raw/spk02/stop/stop_0026.wav,spk02,stop
data/raw/spk02/stop/stop_0027.wav,spk02,stop
data/raw/spk02/stop/stop_0028.wav,spk02,stop
data/raw/spk02/stop/stop_0029.wav,spk02,stop
data/raw/spk02/play/play_0000.wav,spk02,play
data/raw/spk02/play/play_0001.wav,spk02,play
data/raw/spk02/play/play_0002.wav,spk02,play
data/raw/spk02/play/play_0003.wav,spk02,play
data/raw/spk02/play/play_0004.wav,spk02,play
data/raw/spk02/play/play_0005.wav,spk02,play
data/raw/spk02/play/play_0006.wav,spk02,play
data/raw/spk02/play/play_0007.wav,spk02,play
data/raw/spk02/play/play_0008.wav,spk02,play
data/raw/spk02/play/play_0009.wav,spk02,play
data/raw/spk02/play/play_0010.wav,spk02,play
data/raw/spk02/play/play_0011.wav,spk02,play
data/raw/spk02/play/play_0012.wav,spk02,play
data/raw/spk02/play/play_0013.wav,spk02,play
data/raw/spk02/play/play_0014.wav,spk02,play
data/raw/spk02/play/play_0015.wav,spk02,play
data/raw/spk02/play/play_0016.wav,spk02,play
data/raw/spk02/play/play_0017.wav,spk02,play
data/raw/spk02/play/play_0018.wav,spk02,play
data/raw/spk02/play/play_0019.wav,spk02,play
data/raw/spk02/play/play_0020.wav,spk02,play
data/raw/spk02/play/play_0021.wav,spk02,play
data/raw/spk02/play/play_0022.wav,spk02,play
data/raw/spk02/play/play_0023.wav,spk02,play
data/raw/spk02/play/play_0024.wav,spk02,play
data/raw/spk02/play/play_0025.wav,spk02,play
data/raw/spk02/play/play_0026.wav,spk02,play
data/raw/spk02/play/play_0027.wav,spk02,play
data/raw/spk02/play/play_0028.wav,spk02,play
data/raw/spk02/play/play_0029.wav,spk02,play
data/raw/spk02/unknown/unknown_0000.wav,spk02,unknown
data/raw/spk02/unknown/unknown_0001.wav,spk02,unknown
data/raw/spk02/unknown/unknown_0002.wav,spk02,unknown
data/raw/spk02/unknown/unknown_0003.wav,spk02,unknown
data/raw/spk02/unknown/unknown_0004.wav,spk02,unknown
data/raw/spk02/unknown/unknown_0005.wav,spk02,unknown
data/raw/spk02/unknown/unknown_0006.wav,spk02,unknown
data/raw/spk02/unknown/unknown_0007.wav,spk02,unknown
data/raw/spk02/unknown/unknown_0008.wav,spk02,unknown
data/raw/spk02/unknown/unknown_0009.wav,spk02,unknown
data/raw/spk02/unknown/unknown_0010.wav,spk02,unknown
data/raw/spk02/unknown/unknown_0011.wav,spk02,unknown
data/raw/spk02/unknown/unknown_0012.wav,spk02,unknown
data/raw/spk02/unknown/unknown_0013.wav,spk02,unknown
data/raw/spk02/unknown/unknown_0014.wav,spk02,unknown
data/raw/spk02/unknown/unknown_0015.wav,spk02,unknown
data/raw/spk02/unknown/unknown_0016.wav,spk02,unknown
data/raw/spk02/unknown/unknown_0017.wav,spk02,unknown
data/raw/spk02/unknown/unknown_0018.wav,spk02,unknown
data/raw/spk02/unknown/unknown_0019.wav,spk02,unknown
data/raw/spk02/unknown/unknown_0020.wav,spk02,unknown
data/raw/spk02/unknown/unknown_0021.wav,spk02,unknown
data/raw/spk02/unknown/unknown_0022.wav,spk02,unknown
data/raw/spk02/unknown/unknown_0023.wav,spk02,unknown
data/raw/spk02/unknown/unknown_0024.wav,spk02,unknown
data/raw/spk02/unknown/unknown_0025.wav,spk02,unknown
data/raw/spk02/unknown/unknown_0026.wav,spk02,unknown
data/raw/spk02/unknown/unknown_0027.wav,spk02,unknown
data/raw/spk02/unknown/unknown_0028.wav,spk02,unknown
data/raw/spk02/unknown/unknown_0029.wav,spk02,unknown
data/raw/spk02/unknown/unknown_0030.wav,spk02,unknown
data/raw/spk02/unknown/unknown_0031.wav,spk02,unknown
data/raw/spk02/unknown/unknown_0032.wav,spk02,unknown
data/raw/spk02/unknown/unknown_0033.wav,spk02,unknown
data/raw/spk02/unknown/unknown_0034.wav,spk02,unknown
data/raw/spk02/unknown/unknown_0035.wav,spk02,unknown
data/raw/spk02/unknown/unknown_0036.wav,spk02,unknown
data/raw/spk02/unknown/unknown_0037.wav,spk02,unknown
data/raw/spk02/unknown/unknown_0038.wav,spk02,unknown
data/raw/spk02/unknown/unknown_0039.wav,spk02,unknown
data/raw/spk02/unknown/unknown_0040.wav,spk02,unknown
data/raw/spk02/unknown/unknown_0041.wav,spk02,unknown
data/raw/spk02/unknown/unknown_0042.wav,spk02,unknown
data/raw/spk02/unknown/unknown_0043.wav,spk02,unknown
data/raw/spk02/unknown/unknown_0044.wav,spk02,unknown
data/raw/spk02/unknown/unknown_0045.wav,spk02,unknown
data/raw/spk02/unknown/unknown_0046.wav,spk02,unknown
data/raw/spk02/unknown/unknown_0047.wav,spk02,unknown
data/raw/spk02/unknown/unknown_0048.wav,spk02,unknown
data/raw/spk02/unknown/unknown_0049.wav,spk02,unknown
data/raw/spk02/silence/silence_0000.wav,spk02,silence
data/raw/spk02/silence/silence_0001.wav,spk02,silence
data/raw/spk02/silence/silence_0002.wav,spk02,silence
data/raw/spk02/silence/silence_0003.wav,spk02,silence
data/raw/spk02/silence/silence_0004.wav,spk02,silence
data/raw/spk02/silence/silence_0005.wav,spk02,silence
data/raw/spk02/silence/silence_0006.wav,spk02,silence
data/raw/spk02/silence/silence_0007.wav,spk02,silence
data/raw/spk02/silence/silence_0008.wav,spk02,silence
data/raw/spk02/silence/silence_0009.wav,spk02,silence
data/raw/spk02/silence/silence_0010.wav,spk02,silence
data/raw/spk02/silence/silence_0011.wav,spk02,silence
data/raw/spk02/silence/silence_0012.wav,spk02,silence
data/raw/spk02/silence/silence_0013.wav,spk02,silence
data/raw/spk02/silence/silence_0014.wav,spk02,silence
data/raw/spk02/silence/silence_0015.wav,spk02,silence
data/raw/spk02/silence/silence_0016.wav,spk02,silence
data/raw/spk02/silence/silence_0017.wav,spk02,silence
data/raw/spk02/silence/silence_0018.wav,spk02,silence
data/raw/spk02/silence/silence_0019.wav,spk02,silence
data/raw/spk02/silence/silence_0020.wav,spk02,silence
data/raw/spk02/silence/silence_0021.wav,spk02,silence
data/raw/spk02/silence/silence_0022.wav,spk02,silence
data/raw/spk02/silence/silence_0023.wav,spk02,silence
data/raw/spk02/silence/silence_0024.wav,spk02,silence
data/raw/spk02/silence/silence_0025.wav,spk02,silence
data/raw/spk02/silence/silence_0026.wav,spk02,silence
data/raw/spk02/silence/silence_0027.wav,spk02,silence
data/raw/spk02/silence/silence_0028.wav,spk02,silence
data/raw/spk02/silence/silence_0029.wav,spk02,silence
data/raw/spk03/next/next_0000.wav,spk03,next
data/raw/spk03/next/next_0001.wav,spk03,next
data/raw/spk03/next/next_0002.wav,spk03,next
data/raw/spk03/next/next_0003.wav,spk03,next
data/raw/spk03/next/next_0004.wav,spk03,next
data/raw/spk03/next/next_0005.wav,spk03,next
data/raw/spk03/next/next_0006.wav,spk03,next
data/raw/spk03/next/next_0007.wav,spk03,next
data/raw/spk03/next/next_0008.wav,spk03,next
data/raw/spk03/next/next_0009.wav,spk03,next
data/raw/spk03/next/next_0010.wav,spk03,next
data/raw/spk03/next/next_0011.wav,spk03,next
data/raw/spk03/next/next_0012.wav,spk03,next
data/raw/spk03/next/next_0013.wav,spk03,next
data/raw/spk03/next/next_0014.wav,spk03,next
data/raw/spk03/next/next_0015.wav,spk03,next
data/raw/spk03/next/next_0016.wav,spk03,next
data/raw/spk03/next/next_0017.wav,spk03,next
data/raw/spk03/next/next_0018.wav,spk03,next
data/raw/spk03/next/next_0019.wav,spk03,next
data/raw/spk03/next/next_0020.wav,spk03,next
data/raw/spk03/next/next_0021.wav,spk03,next
data/raw/spk03/next/next_0022.wav,spk03,next
data/raw/spk03/next/next_0023.wav,spk03,next
data/raw/spk03/next/next_0024.wav,spk03,next
data/raw/spk03/next/next_0025.wav,spk03,next
data/raw/spk03/next/next_0026.wav,spk03,next
data/raw/spk03/next/next_0027.wav,spk03,next
data/raw/spk03/next/next_0028.wav,spk03,next
data/raw/spk03/next/next_0029.wav,spk03,next
data/raw/spk03/prev/prev_0000.wav,spk03,prev
data/raw/spk03/prev/prev_0001.wav,spk03,prev
data/raw/spk03/prev/prev_0002.wav,spk03,prev
data/raw/spk03/prev/prev_0003.wav,spk03,prev
data/raw/spk03/prev/prev_0004.wav,spk03,prev
data/raw/spk03/prev/prev_0005.wav,spk03,prev
data/raw/spk03/prev/prev_0006.wav,spk03,prev
data/raw/spk03/prev/prev_0007.wav,spk03,prev
data/raw/spk03/prev/prev_0008.wav,spk03,prev
data/raw/spk03/prev/prev_0009.wav,spk03,prev
data/raw/spk03/prev/prev_0010.wav,spk03,prev
data/raw/spk03/prev/prev_0011.wav,spk03,prev
data/raw/spk03/prev/prev_0012.wav,spk03,prev
data/raw/spk03/prev/prev_0013.wav,spk03,prev
data/raw/spk03/prev/prev_0014.wav,spk03,prev
data/raw/spk03/prev/prev_0015.wav,spk03,prev
data/raw/spk03/prev/prev_0016.wav,spk03,prev
data/raw/spk03/prev/prev_0017.wav,spk03,prev
data/raw/spk03/prev/prev_0018.wav,spk03,prev
data/raw/spk03/prev/prev_0019.wav,spk03,prev
data/raw/spk03/prev/prev_0020.wav,spk03,prev
data/raw/spk03/prev/prev_0021.wav,spk03,prev
data/raw/spk03/prev/prev_0022.wav,spk03,prev
data/raw/spk03/prev/prev_0023.wav,spk03,prev
data/raw/spk03/prev/prev_0024.wav,spk03,prev
data/raw/spk03/prev/prev_0025.wav,spk03,prev
data/raw/spk03/prev/prev_0026.wav,spk03,prev
data/raw/spk03/prev/prev_0027.wav,spk03,prev
data/raw/spk03/prev/prev_0028.wav,spk03,prev
data/raw/spk03/prev/prev_0029.wav,spk03,prev
data/raw/spk03/stop/stop_0000.wav,spk03,stop
data/raw/spk03/stop/stop_0001.wav,spk03,stop
data/raw/spk03/stop/stop_0002.wav,spk03,stop
data/raw/spk03/stop/stop_0003.wav,spk03,stop
data/raw/spk03/stop/stop_0004.wav,spk03,stop
data/raw/spk03/stop/stop_0005.wav,spk03,stop
data/raw/spk03/stop/stop_0006.wav,spk03,stop
data/raw/spk03/stop/stop_0007.wav,spk03,stop
data/raw/spk03/stop/stop_0008.wav,spk03,stop
data/raw/spk03/stop/stop_0009.wav,spk03,stop
data/raw/spk03/stop/stop_0010.wav,spk03,stop
data/raw/spk03/stop/stop_0011.wav,spk03,stop
data/raw/spk03/stop/stop_0012.wav,spk03,stop
data/raw/spk03/stop/stop_0013.wav,spk03,stop
data/raw/spk03/stop/stop_0014.wav,spk03,stop
data/raw/spk03/stop/stop_0015.wav,spk03,stop
data/raw/spk03/stop/stop_0016.wav,spk03,stop
data/raw/spk03/stop/stop_0017.wav,spk03,stop
data/raw/spk03/stop/stop_0018.wav,spk03,stop
data/raw/spk03/stop/stop_0019.wav,spk03,stop
data/raw/spk03/stop/stop_0020.wav,spk03,stop
data/raw/spk03/stop/stop_0021.wav,spk03,stop
data/raw/spk03/stop/stop_0022.wav,spk03,stop
data/raw/spk03/stop/stop_0023.wav,spk03,stop
data/raw/spk03/stop/stop_0024.wav,spk03,stop
data/raw/spk03/stop/stop_0025.wav,spk03,stop
data/raw/spk03/stop/stop_0026.wav,spk03,stop
data/raw/spk03/stop/stop_0027.wav,spk03,stop
data/raw/spk03/stop/stop_0028.wav,spk03,stop
data/raw/spk03/stop/stop_0029.wav,spk03,stop
data/raw/spk03/play/play_0000.wav,spk03,play
data/raw/spk03/play/play_0001.wav,spk03,play
data/raw/spk03/play/play_0002.wav,spk03,play
data/raw/spk03/play/play_0003.wav,spk03,play
data/raw/spk03/play/play_0004.wav,spk03,play
data/raw/spk03/play/play_0005.wav,spk03,play
data/raw/spk03/play/play_0006.wav,spk03,play
data/raw/spk03/play/play_0007.wav,spk03,play
data/raw/spk03/play/play_0008.wav,spk03,play
data/raw/spk03/play/play_0009.wav,spk03,play
data/raw/spk03/play/play_0010.wav,spk03,play
data/raw/spk03/play/play_0011.wav,spk03,play
data/raw/spk03/play/play_0012.wav,spk03,play
data/raw/spk03/play/play_0013.wav,spk03,play
data/raw/spk03/play/play_0014.wav,spk03,play
data/raw/spk03/play/play_0015.wav,spk03,play
data/raw/spk03/play/play_0016.wav,spk03,play
data/raw/spk03/play/play_0017.wav,spk03,play
data/raw/spk03/play/play_0018.wav,spk03,play
data/raw/spk03/play/play_0019.wav,spk03,play
data/raw/spk03/play/play_0020.wav,spk03,play
data/raw/spk03/play/play_0021.wav,spk03,play
data/raw/spk03/play/play_0022.wav,spk03,play
data/raw/spk03/play/play_0023.wav,spk03,play
data/raw/spk03/play/play_0024.wav,spk03,play
data/raw/spk03/play/play_0025.wav,spk03,play
data/raw/spk03/play/play_0026.wav,spk03,play
data/raw/spk03/play/play_0027.wav,spk03,play
data/raw/spk03/play/play_0028.wav,spk03,play
data/raw/spk03/play/play_0029.wav,spk03,play
data/raw/spk03/unknown/unknown_0000.wav,spk03,unknown
data/raw/spk03/unknown/unknown_0001.wav,spk03,unknown
data/raw/spk03/unknown/unknown_0002.wav,spk03,unknown
data/raw/spk03/unknown/unknown_0003.wav,spk03,unknown
data/raw/spk03/unknown/unknown_0004.wav,spk03,unknown
data/raw/spk03/unknown/unknown_0005.wav,spk03,unknown
data/raw/spk03/unknown/unknown_0006.wav,spk03,unknown
data/raw/spk03/unknown/unknown_0007.wav,spk03,unknown
data/raw/spk03/unknown/unknown_0008.wav,spk03,unknown
data/raw/spk03/unknown/unknown_0009.wav,spk03,unknown
data/raw/spk03/unknown/unknown_0010.wav,spk03,unknown
data/raw/spk03/unknown/unknown_0011.wav,spk03,unknown
data/raw/spk03/unknown/unknown_0012.wav,spk03,unknown
data/raw/spk03/unknown/unknown_0013.wav,spk03,unknown
data/raw/spk03/unknown/unknown_0014.wav,spk03,unknown
data/raw/spk03/unknown/unknown_0015.wav,spk03,unknown
data/raw/spk03/unknown/unknown_0016.wav,spk03,unknown
data/raw/spk03/unknown/unknown_0017.wav,spk03,unknown
data/raw/spk03/unknown/unknown_0018.wav,spk03,unknown
data/raw/spk03/unknown/unknown_0019.wav,spk03,unknown
data/raw/spk03/unknown/unknown_0020.wav,spk03,unknown
data/raw/spk03/unknown/unknown_0021.wav,spk03,unknown
data/raw/spk03/unknown/unknown_0022.wav,spk03,unknown
data/raw/spk03/unknown/unknown_0023.wav,spk03,unknown
data/raw/spk03/unknown/unknown_0024.wav,spk03,unknown
data/raw/spk03/unknown/unknown_0025.wav,spk03,unknown
data/raw/spk03/unknown/unknown_0026.wav,spk03,unknown
data/raw/spk03/unknown/unknown_0027.wav,spk03,unknown
data/raw/spk03/unknown/unknown_0028.wav,spk03,unknown
data/raw/spk03/unknown/unknown_0029.wav,spk03,unknown
data/raw/spk03/unknown/unknown_0030.wav,spk03,unknown
data/raw/spk03/unknown/unknown_0031.wav,spk03,unknown
data/raw/spk03/unknown/unknown_0032.wav,spk03,unknown
data/raw/spk03/unknown/unknown_0033.wav,spk03,unknown
data/raw/spk03/unknown/unknown_0034.wav,spk03,unknown
data/raw/spk03/unknown/unknown_0035.wav,spk03,unknown
data/raw/spk03/unknown/unknown_0036.wav,spk03,unknown
data/raw/spk03/unknown/unknown_0037.wav,spk03,unknown
data/raw/spk03/unknown/unknown_0038.wav,spk03,unknown
data/raw/spk03/unknown/unknown_0039.wav,spk03,unknown
data/raw/spk03/unknown/unknown_0040.wav,spk03,unknown
data/raw/spk03/unknown/unknown_0041.wav,spk03,unknown
data/raw/spk03/unknown/unknown_0042.wav,spk03,unknown
data/raw/spk03/unknown/unknown_0043.wav,spk03,unknown
data/raw/spk03/unknown/unknown_0044.wav,spk03,unknown
data/raw/spk03/unknown/unknown_0045.wav,spk03,unknown
data/raw/spk03/unknown/unknown_0046.wav,spk03,unknown
data/raw/spk03/unknown/unknown_0047.wav,spk03,unknown
data/raw/spk03/unknown/unknown_0048.wav,spk03,unknown
data/raw/spk03/unknown/unknown_0049.wav,spk03,unknown
data/raw/spk03/unknown/unknown_0050.wav,spk03,unknown
data/raw/spk03/unknown/unknown_0051.wav,spk03,unknown
data/raw/spk03/unknown/unknown_0052.wav,spk03,unknown
data/raw/spk03/unknown/unknown_0053.wav,spk03,unknown
data/raw/spk03/unknown/unknown_0054.wav,spk03,unknown
data/raw/spk03/unknown/unknown_0055.wav,spk03,unknown
data/raw/spk03/unknown/unknown_0056.wav,spk03,unknown
data/raw/spk03/unknown/unknown_0057.wav,spk03,unknown
data/raw/spk03/unknown/unknown_0058.wav,spk03,unknown
data/raw/spk03/unknown/unknown_0059.wav,spk03,unknown
data/raw/spk03/unknown/unknown_0060.wav,spk03,unknown
data/raw/spk03/unknown/unknown_0061.wav,spk03,unknown
data/raw/spk03/unknown/unknown_0062.wav,spk03,unknown
data/raw/spk03/unknown/unknown_0063.wav,spk03,unknown
data/raw/spk03/unknown/unknown_0064.wav,spk03,unknown
data/raw/spk03/unknown/unknown_0065.wav,spk03,unknown
data/raw/spk03/unknown/unknown_0066.wav,spk03,unknown
data/raw/spk03/unknown/unknown_0067.wav,spk03,unknown
data/raw/spk03/unknown/unknown_0068.wav,spk03,unknown
data/raw/spk03/unknown/unknown_0069.wav,spk03,unknown
data/raw/spk04/next/next_0000.wav,spk04,next
data/raw/spk04/next/next_0001.wav,spk04,next
data/raw/spk04/next/next_0002.wav,spk04,next
data/raw/spk04/next/next_0003.wav,spk04,next
data/raw/spk04/next/next_0004.wav,spk04,next
data/raw/spk04/next/next_0005.wav,spk04,next
data/raw/spk04/next/next_0006.wav,spk04,next
data/raw/spk04/next/next_0007.wav,spk04,next
data/raw/spk04/next/next_0008.wav,spk04,next
data/raw/spk04/next/next_0009.wav,spk04,next
data/raw/spk04/next/next_0010.wav,spk04,next
data/raw/spk04/next/next_0011.wav,spk04,next
data/raw/spk04/next/next_0012.wav,spk04,next
data/raw/spk04/next/next_0013.wav,spk04,next
data/raw/spk04/next/next_0014.wav,spk04,next
data/raw/spk04/next/next_0015.wav,spk04,next
data/raw/spk04/next/next_0016.wav,spk04,next
data/raw/spk04/next/next_0017.wav,spk04,next
data/raw/spk04/next/next_0018.wav,spk04,next
data/raw/spk04/next/next_0019.wav,spk04,next
data/raw/spk04/next/next_0020.wav,spk04,next
data/raw/spk04/next/next_0021.wav,spk04,next
data/raw/spk04/next/next_0022.wav,spk04,next
data/raw/spk04/next/next_0023.wav,spk04,next
data/raw/spk04/next/next_0024.wav,spk04,next
data/raw/spk04/next/next_0025.wav,spk04,next
data/raw/spk04/next/next_0026.wav,spk04,next
data/raw/spk04/next/next_0027.wav,spk04,next
data/raw/spk04/next/next_0028.wav,spk04,next
data/raw/spk04/next/next_0029.wav,spk04,next
data/raw/spk04/prev/prev_0000.wav,spk04,prev
data/raw/spk04/prev/prev_0001.wav,spk04,prev
data/raw/spk04/prev/prev_0002.wav,spk04,prev
data/raw/spk04/prev/prev_0003.wav,spk04,prev
data/raw/spk04/prev/prev_0004.wav,spk04,prev
data/raw/spk04/prev/prev_0005.wav,spk04,prev
data/raw/spk04/prev/prev_0006.wav,spk04,prev
data/raw/spk04/prev/prev_0007.wav,spk04,prev
data/raw/spk04/prev/prev_0008.wav,spk04,prev
data/raw/spk04/prev/prev_0009.wav,spk04,prev
data/raw/spk04/prev/prev_0010.wav,spk04,prev
data/raw/spk04/prev/prev_0011.wav,spk04,prev
data/raw/spk04/prev/prev_0012.wav,spk04,prev
data/raw/spk04/prev/prev_0013.wav,spk04,prev
data/raw/spk04/prev/prev_0014.wav,spk04,prev
data/raw/spk04/prev/prev_0015.wav,spk04,prev
data/raw/spk04/prev/prev_0016.wav,spk04,prev
data/raw/spk04/prev/prev_0017.wav,spk04,prev
data/raw/spk04/prev/prev_0018.wav,spk04,prev
data/raw/spk04/prev/prev_0019.wav,spk04,prev
data/raw/spk04/prev/prev_0020.wav,spk04,prev
data/raw/spk04/prev/prev_0021.wav,spk04,prev
data/raw/spk04/prev/prev_0022.wav,spk04,prev
data/raw/spk04/prev/prev_0023.wav,spk04,prev
data/raw/spk04/prev/prev_0024.wav,spk04,prev
data/raw/spk04/prev/prev_0025.wav,spk04,prev
data/raw/spk04/prev/prev_0026.wav,spk04,prev
data/raw/spk04/prev/prev_0027.wav,spk04,prev
data/raw/spk04/prev/prev_0028.wav,spk04,prev
data/raw/spk04/prev/prev_0029.wav,spk04,prev
data/raw/spk04/stop/stop_0000.wav,spk04,stop
data/raw/spk04/stop/stop_0001.wav,spk04,stop
data/raw/spk04/stop/stop_0002.wav,spk04,stop
data/raw/spk04/stop/stop_0003.wav,spk04,stop
data/raw/spk04/stop/stop_0004.wav,spk04,stop
data/raw/spk04/stop/stop_0005.wav,spk04,stop
data/raw/spk04/stop/stop_0006.wav,spk04,stop
data/raw/spk04/stop/stop_0007.wav,spk04,stop
data/raw/spk04/stop/stop_0008.wav,spk04,stop
data/raw/spk04/stop/stop_0009.wav,spk04,stop
data/raw/spk04/stop/stop_0010.wav,spk04,stop
data/raw/spk04/stop/stop_0011.wav,spk04,stop
data/raw/spk04/stop/stop_0012.wav,spk04,stop
data/raw/spk04/stop/stop_0013.wav,spk04,stop
data/raw/spk04/stop/stop_0014.wav,spk04,stop
data/raw/spk04/stop/stop_0015.wav,spk04,stop
data/raw/spk04/stop/stop_0016.wav,spk04,stop
data/raw/spk04/stop/stop_0017.wav,spk04,stop
data/raw/spk04/stop/stop_0018.wav,spk04,stop
data/raw/spk04/stop/stop_0019.wav,spk04,stop
data/raw/spk04/stop/stop_0020.wav,spk04,stop
data/raw/spk04/stop/stop_0021.wav,spk04,stop
data/raw/spk04/stop/stop_0022.wav,spk04,stop
data/raw/spk04/stop/stop_0023.wav,spk04,stop
data/raw/spk04/stop/stop_0024.wav,spk04,stop
data/raw/spk04/stop/stop_0025.wav,spk04,stop
data/raw/spk04/stop/stop_0026.wav,spk04,stop
data/raw/spk04/stop/stop_0027.wav,spk04,stop
data/raw/spk04/stop/stop_0028.wav,spk04,stop
data/raw/spk04/stop/stop_0029.wav,spk04,stop
data/raw/spk04/play/play_0000.wav,spk04,play
data/raw/spk04/play/play_0001.wav,spk04,play
data/raw/spk04/play/play_0002.wav,spk04,play
data/raw/spk04/play/play_0003.wav,spk04,play
data/raw/spk04/play/play_0004.wav,spk04,play
data/raw/spk04/play/play_0005.wav,spk04,play
data/raw/spk04/play/play_0006.wav,spk04,play
data/raw/spk04/play/play_0007.wav,spk04,play
data/raw/spk04/play/play_0008.wav,spk04,play
data/raw/spk04/play/play_0009.wav,spk04,play
data/raw/spk04/play/play_0010.wav,spk04,play
data/raw/spk04/play/play_0011.wav,spk04,play
data/raw/spk04/play/play_0012.wav,spk04,play
data/raw/spk04/play/play_0013.wav,spk04,play
data/raw/spk04/play/play_0014.wav,spk04,play
data/raw/spk04/play/play_0015.wav,spk04,play
data/raw/spk04/play/play_0016.wav,spk04,play
data/raw/spk04/play/play_0017.wav,spk04,play
data/raw/spk04/play/play_0018.wav,spk04,play
data/raw/spk04/play/play_0019.wav,spk04,play
data/raw/spk04/play/play_0020.wav,spk04,play
data/raw/spk04/play/play_0021.wav,spk04,play
data/raw/spk04/play/play_0022.wav,spk04,play
data/raw/spk04/play/play_0023.wav,spk04,play
data/raw/spk04/play/play_0024.wav,spk04,play
data/raw/spk04/play/play_0025.wav,spk04,play
data/raw/spk04/play/play_0026.wav,spk04,play
data/raw/spk04/play/play_0027.wav,spk04,play
data/raw/spk04/play/play_0028.wav,spk04,play
data/raw/spk04/play/play_0029.wav,spk04,play
data/raw/spk04/unknown/unknown_0000.wav,spk04,unknown
data/raw/spk04/unknown/unknown_0001.wav,spk04,unknown
data/raw/spk04/unknown/unknown_0002.wav,spk04,unknown
data/raw/spk04/unknown/unknown_0003.wav,spk04,unknown
data/raw/spk04/unknown/unknown_0004.wav,spk04,unknown
data/raw/spk04/unknown/unknown_0005.wav,spk04,unknown
data/raw/spk04/unknown/unknown_0006.wav,spk04,unknown
data/raw/spk04/unknown/unknown_0007.wav,spk04,unknown
data/raw/spk04/unknown/unknown_0008.wav,spk04,unknown
data/raw/spk04/unknown/unknown_0009.wav,spk04,unknown
data/raw/spk04/unknown/unknown_0010.wav,spk04,unknown
data/raw/spk04/unknown/unknown_0011.wav,spk04,unknown
data/raw/spk04/unknown/unknown_0012.wav,spk04,unknown
data/raw/spk04/unknown/unknown_0013.wav,spk04,unknown
data/raw/spk04/unknown/unknown_0014.wav,spk04,unknown
data/raw/spk04/unknown/unknown_0015.wav,spk04,unknown
data/raw/spk04/unknown/unknown_0016.wav,spk04,unknown
data/raw/spk04/unknown/unknown_0017.wav,spk04,unknown
data/raw/spk04/unknown/unknown_0018.wav,spk04,unknown
data/raw/spk04/unknown/unknown_0019.wav,spk04,unknown
data/raw/spk04/unknown/unknown_0020.wav,spk04,unknown
data/raw/spk04/unknown/unknown_0021.wav,spk04,unknown
data/raw/spk04/unknown/unknown_0022.wav,spk04,unknown
data/raw/spk04/unknown/unknown_0023.wav,spk04,unknown
data/raw/spk04/unknown/unknown_0024.wav,spk04,unknown
data/raw/spk04/unknown/unknown_0025.wav,spk04,unknown
data/raw/spk04/unknown/unknown_0026.wav,spk04,unknown
data/raw/spk04/unknown/unknown_0027.wav,spk04,unknown
data/raw/spk04/unknown/unknown_0028.wav,spk04,unknown
data/raw/spk04/unknown/unknown_0029.wav,spk04,unknown
data/raw/spk04/unknown/unknown_0030.wav,spk04,unknown
data/raw/spk04/unknown/unknown_0031.wav,spk04,unknown
data/raw/spk04/unknown/unknown_0032.wav,spk04,unknown
data/raw/spk04/unknown/unknown_0033.wav,spk04,unknown
data/raw/spk04/unknown/unknown_0034.wav,spk04,unknown
data/raw/spk04/unknown/unknown_0035.wav,spk04,unknown
data/raw/spk04/unknown/unknown_0036.wav,spk04,unknown
data/raw/spk04/unknown/unknown_0037.wav,spk04,unknown
data/raw/spk04/unknown/unknown_0038.wav,spk04,unknown
data/raw/spk04/unknown/unknown_0039.wav,spk04,unknown
data/raw/spk04/unknown/unknown_0040.wav,spk04,unknown
data/raw/spk04/unknown/unknown_0041.wav,spk04,unknown
data/raw/spk04/unknown/unknown_0042.wav,spk04,unknown
data/raw/spk04/unknown/unknown_0043.wav,spk04,unknown
data/raw/spk04/unknown/unknown_0044.wav,spk04,unknown
data/raw/spk04/unknown/unknown_0045.wav,spk04,unknown
data/raw/spk04/unknown/unknown_0046.wav,spk04,unknown
data/raw/spk04/unknown/unknown_0047.wav,spk04,unknown
data/raw/spk04/unknown/unknown_0048.wav,spk04,unknown
data/raw/spk04/unknown/unknown_0049.wav,spk04,unknown
data/raw/spk04/unknown/unknown_0050.wav,spk04,unknown
data/raw/spk04/unknown/unknown_0051.wav,spk04,unknown
data/raw/spk04/unknown/unknown_0052.wav,spk04,unknown
data/raw/spk04/unknown/unknown_0053.wav,spk04,unknown
data/raw/spk04/unknown/unknown_0054.wav,spk04,unknown
data/raw/spk04/unknown/unknown_0055.wav,spk04,unknown
data/raw/spk04/unknown/unknown_0056.wav,spk04,unknown
data/raw/spk04/unknown/unknown_0057.wav,spk04,unknown
data/raw/spk04/unknown/unknown_0058.wav,spk04,unknown
data/raw/spk04/unknown/unknown_0059.wav,spk04,unknown
data/raw/spk04/unknown/unknown_0060.wav,spk04,unknown
data/raw/spk04/unknown/unknown_0061.wav,spk04,unknown
data/raw/spk04/unknown/unknown_0062.wav,spk04,unknown
data/raw/spk04/unknown/unknown_0063.wav,spk04,unknown
data/raw/spk04/unknown/unknown_0064.wav,spk04,unknown
data/raw/spk04/unknown/unknown_0065.wav,spk04,unknown
data/raw/spk04/unknown/unknown_0066.wav,spk04,unknown
data/raw/spk04/unknown/unknown_0067.wav,spk04,unknown
data/raw/spk04/unknown/unknown_0068.wav,spk04,unknown
data/raw/spk04/unknown/unknown_0069.wav,spk04,unknown
data/raw/spk05/next/next_0000.wav,spk05,next
data/raw/spk05/next/next_0001.wav,spk05,next
data/raw/spk05/next/next_0002.wav,spk05,next
data/raw/spk05/next/next_0003.wav,spk05,next
data/raw/spk05/next/next_0004.wav,spk05,next
data/raw/spk05/next/next_0005.wav,spk05,next
data/raw/spk05/next/next_0006.wav,spk05,next
data/raw/spk05/next/next_0007.wav,spk05,next
data/raw/spk05/next/next_0008.wav,spk05,next
data/raw/spk05/next/next_0009.wav,spk05,next
data/raw/spk05/next/next_0010.wav,spk05,next
data/raw/spk05/next/next_0011.wav,spk05,next
data/raw/spk05/next/next_0012.wav,spk05,next
data/raw/spk05/next/next_0013.wav,spk05,next
data/raw/spk05/next/next_0014.wav,spk05,next
data/raw/spk05/next/next_0015.wav,spk05,next
data/raw/spk05/next/next_0016.wav,spk05,next
data/raw/spk05/next/next_0017.wav,spk05,next
data/raw/spk05/next/next_0018.wav,spk05,next
data/raw/spk05/next/next_0019.wav,spk05,next
data/raw/spk05/next/next_0020.wav,spk05,next
data/raw/spk05/next/next_0021.wav,spk05,next
data/raw/spk05/next/next_0022.wav,spk05,next
data/raw/spk05/next/next_0023.wav,spk05,next
data/raw/spk05/next/next_0024.wav,spk05,next
data/raw/spk05/next/next_0025.wav,spk05,next
data/raw/spk05/next/next_0026.wav,spk05,next
data/raw/spk05/next/next_0027.wav,spk05,next
data/raw/spk05/next/next_0028.wav,spk05,next
data/raw/spk05/next/next_0029.wav,spk05,next
data/raw/spk05/prev/prev_0000.wav,spk05,prev
data/raw/spk05/prev/prev_0001.wav,spk05,prev
data/raw/spk05/prev/prev_0002.wav,spk05,prev
data/raw/spk05/prev/prev_0003.wav,spk05,prev
data/raw/spk05/prev/prev_0004.wav,spk05,prev
data/raw/spk05/prev/prev_0005.wav,spk05,prev
data/raw/spk05/prev/prev_0006.wav,spk05,prev
data/raw/spk05/prev/prev_0007.wav,spk05,prev
data/raw/spk05/prev/prev_0008.wav,spk05,prev
data/raw/spk05/prev/prev_0009.wav,spk05,prev
data/raw/spk05/prev/prev_0010.wav,spk05,prev
data/raw/spk05/prev/prev_0011.wav,spk05,prev
data/raw/spk05/prev/prev_0012.wav,spk05,prev
data/raw/spk05/prev/prev_0013.wav,spk05,prev
data/raw/spk05/prev/prev_0014.wav,spk05,prev
data/raw/spk05/prev/prev_0015.wav,spk05,prev
data/raw/spk05/prev/prev_0016.wav,spk05,prev
data/raw/spk05/prev/prev_0017.wav,spk05,prev
data/raw/spk05/prev/prev_0018.wav,spk05,prev
data/raw/spk05/prev/prev_0019.wav,spk05,prev
data/raw/spk05/prev/prev_0020.wav,spk05,prev
data/raw/spk05/prev/prev_0021.wav,spk05,prev
data/raw/spk05/prev/prev_0022.wav,spk05,prev
data/raw/spk05/prev/prev_0023.wav,spk05,prev
data/raw/spk05/prev/prev_0024.wav,spk05,prev
data/raw/spk05/prev/prev_0025.wav,spk05,prev
data/raw/spk05/prev/prev_0026.wav,spk05,prev
data/raw/spk05/prev/prev_0027.wav,spk05,prev
data/raw/spk05/prev/prev_0028.wav,spk05,prev
data/raw/spk05/prev/prev_0029.wav,spk05,prev
data/raw/spk05/stop/stop_0000.wav,spk05,stop
data/raw/spk05/stop/stop_0001.wav,spk05,stop
data/raw/spk05/stop/stop_0002.wav,spk05,stop
data/raw/spk05/stop/stop_0003.wav,spk05,stop
data/raw/spk05/stop/stop_0004.wav,spk05,stop
data/raw/spk05/stop/stop_0005.wav,spk05,stop
data/raw/spk05/stop/stop_0006.wav,spk05,stop
data/raw/spk05/stop/stop_0007.wav,spk05,stop
data/raw/spk05/stop/stop_0008.wav,spk05,stop
data/raw/spk05/stop/stop_0009.wav,spk05,stop
data/raw/spk05/stop/stop_0010.wav,spk05,stop
data/raw/spk05/stop/stop_0011.wav,spk05,stop
data/raw/spk05/stop/stop_0012.wav,spk05,stop
data/raw/spk05/stop/stop_0013.wav,spk05,stop
data/raw/spk05/stop/stop_0014.wav,spk05,stop
data/raw/spk05/stop/stop_0015.wav,spk05,stop
data/raw/spk05/stop/stop_0016.wav,spk05,stop
data/raw/spk05/stop/stop_0017.wav,spk05,stop
data/raw/spk05/stop/stop_0018.wav,spk05,stop
data/raw/spk05/stop/stop_0019.wav,spk05,stop
data/raw/spk05/stop/stop_0020.wav,spk05,stop
data/raw/spk05/stop/stop_0021.wav,spk05,stop
data/raw/spk05/stop/stop_0022.wav,spk05,stop
data/raw/spk05/stop/stop_0023.wav,spk05,stop
data/raw/spk05/stop/stop_0024.wav,spk05,stop
data/raw/spk05/stop/stop_0025.wav,spk05,stop
data/raw/spk05/stop/stop_0026.wav,spk05,stop
data/raw/spk05/stop/stop_0027.wav,spk05,stop
data/raw/spk05/stop/stop_0028.wav,spk05,stop
data/raw/spk05/stop/stop_0029.wav,spk05,stop
data/raw/spk05/play/play_0000.wav,spk05,play
data/raw/spk05/play/play_0001.wav,spk05,play
data/raw/spk05/play/play_0002.wav,spk05,play
data/raw/spk05/play/play_0003.wav,spk05,play
data/raw/spk05/play/play_0004.wav,spk05,play
data/raw/spk05/play/play_0005.wav,spk05,play
data/raw/spk05/play/play_0006.wav,spk05,play
data/raw/spk05/play/play_0007.wav,spk05,play
data/raw/spk05/play/play_0008.wav,spk05,play
data/raw/spk05/play/play_0009.wav,spk05,play
data/raw/spk05/play/play_0010.wav,spk05,play
data/raw/spk05/play/play_0011.wav,spk05,play
data/raw/spk05/play/play_0012.wav,spk05,play
data/raw/spk05/play/play_0013.wav,spk05,play
data/raw/spk05/play/play_0014.wav,spk05,play
data/raw/spk05/play/play_0015.wav,spk05,play
data/raw/spk05/play/play_0016.wav,spk05,play
data/raw/spk05/play/play_0017.wav,spk05,play
data/raw/spk05/play/play_0018.wav,spk05,play
data/raw/spk05/play/play_0019.wav,spk05,play
data/raw/spk05/play/play_0020.wav,spk05,play
data/raw/spk05/play/play_0021.wav,spk05,play
data/raw/spk05/play/play_0022.wav,spk05,play
data/raw/spk05/play/play_0023.wav,spk05,play
data/raw/spk05/play/play_0024.wav,spk05,play
data/raw/spk05/play/play_0025.wav,spk05,play
data/raw/spk05/play/play_0026.wav,spk05,play
data/raw/spk05/play/play_0027.wav,spk05,play
data/raw/spk05/play/play_0028.wav,spk05,play
data/raw/spk05/play/play_0029.wav,spk05,play
data/raw/spk05/unknown/unknown_0000.wav,spk05,unknown
data/raw/spk05/unknown/unknown_0001.wav,spk05,unknown
data/raw/spk05/unknown/unknown_0002.wav,spk05,unknown
data/raw/spk05/unknown/unknown_0003.wav,spk05,unknown
data/raw/spk05/unknown/unknown_0004.wav,spk05,unknown
data/raw/spk05/unknown/unknown_0005.wav,spk05,unknown
data/raw/spk05/unknown/unknown_0006.wav,spk05,unknown
data/raw/spk05/unknown/unknown_0007.wav,spk05,unknown
data/raw/spk05/unknown/unknown_0008.wav,spk05,unknown
data/raw/spk05/unknown/unknown_0009.wav,spk05,unknown
data/raw/spk05/unknown/unknown_0010.wav,spk05,unknown
data/raw/spk05/unknown/unknown_0011.wav,spk05,unknown
data/raw/spk05/unknown/unknown_0012.wav,spk05,unknown
data/raw/spk05/unknown/unknown_0013.wav,spk05,unknown
data/raw/spk05/unknown/unknown_0014.wav,spk05,unknown
data/raw/spk05/unknown/unknown_0015.wav,spk05,unknown
data/raw/spk05/unknown/unknown_0016.wav,spk05,unknown
data/raw/spk05/unknown/unknown_0017.wav,spk05,unknown
data/raw/spk05/unknown/unknown_0018.wav,spk05,unknown
data/raw/spk05/unknown/unknown_0019.wav,spk05,unknown
data/raw/spk05/unknown/unknown_0020.wav,spk05,unknown
data/raw/spk05/unknown/unknown_0021.wav,spk05,unknown
data/raw/spk05/unknown/unknown_0022.wav,spk05,unknown
data/raw/spk05/unknown/unknown_0023.wav,spk05,unknown
data/raw/spk05/unknown/unknown_0024.wav,spk05,unknown
data/raw/spk05/unknown/unknown_0025.wav,spk05,unknown
data/raw/spk05/unknown/unknown_0026.wav,spk05,unknown
data/raw/spk05/unknown/unknown_0027.wav,spk05,unknown
data/raw/spk05/unknown/unknown_0028.wav,spk05,unknown
data/raw/spk05/unknown/unknown_0029.wav,spk05,unknown
data/raw/spk05/unknown/unknown_0030.wav,spk05,unknown
data/raw/spk05/unknown/unknown_0031.wav,spk05,unknown
data/raw/spk05/unknown/unknown_0032.wav,spk05,unknown
data/raw/spk05/unknown/unknown_0033.wav,spk05,unknown
data/raw/spk05/unknown/unknown_0034.wav,spk05,unknown
data/raw/spk05/unknown/unknown_0035.wav,spk05,unknown
data/raw/spk05/unknown/unknown_0036.wav,spk05,unknown
data/raw/spk05/unknown/unknown_0037.wav,spk05,unknown
data/raw/spk05/unknown/unknown_0038.wav,spk05,unknown
data/raw/spk05/unknown/unknown_0039.wav,spk05,unknown
data/raw/spk05/unknown/unknown_0040.wav,spk05,unknown
data/raw/spk05/unknown/unknown_0041.wav,spk05,unknown
data/raw/spk05/unknown/unknown_0042.wav,spk05,unknown
data/raw/spk05/unknown/unknown_0043.wav,spk05,unknown
data/raw/spk05/unknown/unknown_0044.wav,spk05,unknown
data/raw/spk05/unknown/unknown_0045.wav,spk05,unknown
data/raw/spk05/unknown/unknown_0046.wav,spk05,unknown
data/raw/spk05/unknown/unknown_0047.wav,spk05,unknown
data/raw/spk05/unknown/unknown_0048.wav,spk05,unknown
data/raw/spk05/unknown/unknown_0049.wav,spk05,unknown
data/raw/spk05/unknown/unknown_0050.wav,spk05,unknown
data/raw/spk05/unknown/unknown_0051.wav,spk05,unknown
data/raw/spk05/unknown/unknown_0052.wav,spk05,unknown
data/raw/spk05/unknown/unknown_0053.wav,spk05,unknown
data/raw/spk05/unknown/unknown_0054.wav,spk05,unknown
data/raw/spk05/unknown/unknown_0055.wav,spk05,unknown
data/raw/spk05/unknown/unknown_0056.wav,spk05,unknown
data/raw/spk05/unknown/unknown_0057.wav,spk05,unknown
data/raw/spk05/unknown/unknown_0058.wav,spk05,unknown
data/raw/spk05/unknown/unknown_0059.wav,spk05,unknown
data/raw/spk05/unknown/unknown_0060.wav,spk05,unknown
data/raw/spk05/unknown/unknown_0061.wav,spk05,unknown
data/raw/spk05/unknown/unknown_0062.wav,spk05,unknown
data/raw/spk05/unknown/unknown_0063.wav,spk05,unknown
data/raw/spk05/unknown/unknown_0064.wav,spk05,unknown
data/raw/spk05/unknown/unknown_0065.wav,spk05,unknown
data/raw/spk05/unknown/unknown_0066.wav,spk05,unknown
data/raw/spk05/unknown/unknown_0067.wav,spk05,unknown
data/raw/spk05/unknown/unknown_0068.wav,spk05,unknown
data/raw/spk05/unknown/unknown_0069.wav,spk05,unknown
data/raw/spk06/next/next_0000.wav,spk06,next
data/raw/spk06/next/next_0001.wav,spk06,next
data/raw/spk06/next/next_0002.wav,spk06,next
data/raw/spk06/next/next_0003.wav,spk06,next
data/raw/spk06/next/next_0004.wav,spk06,next
data/raw/spk06/next/next_0005.wav,spk06,next
data/raw/spk06/next/next_0006.wav,spk06,next
data/raw/spk06/next/next_0007.wav,spk06,next
data/raw/spk06/next/next_0008.wav,spk06,next
data/raw/spk06/next/next_0009.wav,spk06,next
data/raw/spk06/next/next_0010.wav,spk06,next
data/raw/spk06/next/next_0011.wav,spk06,next
data/raw/spk06/next/next_0012.wav,spk06,next
data/raw/spk06/next/next_0013.wav,spk06,next
data/raw/spk06/next/next_0014.wav,spk06,next
data/raw/spk06/next/next_0015.wav,spk06,next
data/raw/spk06/next/next_0016.wav,spk06,next
data/raw/spk06/next/next_0017.wav,spk06,next
data/raw/spk06/next/next_0018.wav,spk06,next
data/raw/spk06/next/next_0019.wav,spk06,next
data/raw/spk06/next/next_0020.wav,spk06,next
data/raw/spk06/next/next_0021.wav,spk06,next
data/raw/spk06/next/next_0022.wav,spk06,next
data/raw/spk06/next/next_0023.wav,spk06,next
data/raw/spk06/next/next_0024.wav,spk06,next
data/raw/spk06/next/next_0025.wav,spk06,next
data/raw/spk06/next/next_0026.wav,spk06,next
data/raw/spk06/next/next_0027.wav,spk06,next
data/raw/spk06/next/next_0028.wav,spk06,next
data/raw/spk06/next/next_0029.wav,spk06,next
data/raw/spk06/prev/prev_0000.wav,spk06,prev
data/raw/spk06/prev/prev_0001.wav,spk06,prev
data/raw/spk06/prev/prev_0002.wav,spk06,prev
data/raw/spk06/prev/prev_0003.wav,spk06,prev
data/raw/spk06/prev/prev_0004.wav,spk06,prev
data/raw/spk06/prev/prev_0005.wav,spk06,prev
data/raw/spk06/prev/prev_0006.wav,spk06,prev
data/raw/spk06/prev/prev_0007.wav,spk06,prev
data/raw/spk06/prev/prev_0008.wav,spk06,prev
data/raw/spk06/prev/prev_0009.wav,spk06,prev
data/raw/spk06/prev/prev_0010.wav,spk06,prev
data/raw/spk06/prev/prev_0011.wav,spk06,prev
data/raw/spk06/prev/prev_0012.wav,spk06,prev
data/raw/spk06/prev/prev_0013.wav,spk06,prev
data/raw/spk06/prev/prev_0014.wav,spk06,prev
data/raw/spk06/prev/prev_0015.wav,spk06,prev
data/raw/spk06/prev/prev_0016.wav,spk06,prev
data/raw/spk06/prev/prev_0017.wav,spk06,prev
data/raw/spk06/prev/prev_0018.wav,spk06,prev
data/raw/spk06/prev/prev_0019.wav,spk06,prev
data/raw/spk06/prev/prev_0020.wav,spk06,prev
data/raw/spk06/prev/prev_0021.wav,spk06,prev
data/raw/spk06/prev/prev_0022.wav,spk06,prev
data/raw/spk06/prev/prev_0023.wav,spk06,prev
data/raw/spk06/prev/prev_0024.wav,spk06,prev
data/raw/spk06/prev/prev_0025.wav,spk06,prev
data/raw/spk06/prev/prev_0026.wav,spk06,prev
data/raw/spk06/prev/prev_0027.wav,spk06,prev
data/raw/spk06/prev/prev_0028.wav,spk06,prev
data/raw/spk06/prev/prev_0029.wav,spk06,prev
data/raw/spk06/stop/stop_0000.wav,spk06,stop
data/raw/spk06/stop/stop_0001.wav,spk06,stop
data/raw/spk06/stop/stop_0002.wav,spk06,stop
data/raw/spk06/stop/stop_0003.wav,spk06,stop
data/raw/spk06/stop/stop_0004.wav,spk06,stop
data/raw/spk06/stop/stop_0005.wav,spk06,stop
data/raw/spk06/stop/stop_0006.wav,spk06,stop
data/raw/spk06/stop/stop_0007.wav,spk06,stop
data/raw/spk06/stop/stop_0008.wav,spk06,stop
data/raw/spk06/stop/stop_0009.wav,spk06,stop
data/raw/spk06/stop/stop_0010.wav,spk06,stop
data/raw/spk06/stop/stop_0011.wav,spk06,stop
data/raw/spk06/stop/stop_0012.wav,spk06,stop
data/raw/spk06/stop/stop_0013.wav,spk06,stop
data/raw/spk06/stop/stop_0014.wav,spk06,stop
data/raw/spk06/stop/stop_0015.wav,spk06,stop
data/raw/spk06/stop/stop_0016.wav,spk06,stop
data/raw/spk06/stop/stop_0017.wav,spk06,stop
data/raw/spk06/stop/stop_0018.wav,spk06,stop
data/raw/spk06/stop/stop_0019.wav,spk06,stop
data/raw/spk06/stop/stop_0020.wav,spk06,stop
data/raw/spk06/stop/stop_0021.wav,spk06,stop
data/raw/spk06/stop/stop_0022.wav,spk06,stop
data/raw/spk06/stop/stop_0023.wav,spk06,stop
data/raw/spk06/stop/stop_0024.wav,spk06,stop
data/raw/spk06/stop/stop_0025.wav,spk06,stop
data/raw/spk06/stop/stop_0026.wav,spk06,stop
data/raw/spk06/stop/stop_0027.wav,spk06,stop
data/raw/spk06/stop/stop_0028.wav,spk06,stop
data/raw/spk06/stop/stop_0029.wav,spk06,stop
data/raw/spk06/play/play_0000.wav,spk06,play
data/raw/spk06/play/play_0001.wav,spk06,play
data/raw/spk06/play/play_0002.wav,spk06,play
data/raw/spk06/play/play_0003.wav,spk06,play
data/raw/spk06/play/play_0004.wav,spk06,play
data/raw/spk06/play/play_0005.wav,spk06,play
data/raw/spk06/play/play_0006.wav,spk06,play
data/raw/spk06/play/play_0007.wav,spk06,play
data/raw/spk06/play/play_0008.wav,spk06,play
data/raw/spk06/play/play_0009.wav,spk06,play
data/raw/spk06/play/play_0010.wav,spk06,play
data/raw/spk06/play/play_0011.wav,spk06,play
data/raw/spk06/play/play_0012.wav,spk06,play
data/raw/spk06/play/play_0013.wav,spk06,play
data/raw/spk06/play/play_0014.wav,spk06,play
data/raw/spk06/play/play_0015.wav,spk06,play
data/raw/spk06/play/play_0016.wav,spk06,play
data/raw/spk06/play/play_0017.wav,spk06,play
data/raw/spk06/play/play_0018.wav,spk06,play
data/raw/spk06/play/play_0019.wav,spk06,play
data/raw/spk06/play/play_0020.wav,spk06,play
data/raw/spk06/play/play_0021.wav,spk06,play
data/raw/spk06/play/play_0022.wav,spk06,play
data/raw/spk06/play/play_0023.wav,spk06,play
data/raw/spk06/play/play_0024.wav,spk06,play
data/raw/spk06/play/play_0025.wav,spk06,play
data/raw/spk06/play/play_0026.wav,spk06,play
data/raw/spk06/play/play_0027.wav,spk06,play
data/raw/spk06/play/play_0028.wav,spk06,play
data/raw/spk06/play/play_0029.wav,spk06,play
data/raw/spk06/unknown/unknown_0000.wav,spk06,unknown
data/raw/spk06/unknown/unknown_0001.wav,spk06,unknown
data/raw/spk06/unknown/unknown_0002.wav,spk06,unknown
data/raw/spk06/unknown/unknown_0003.wav,spk06,unknown
data/raw/spk06/unknown/unknown_0004.wav,spk06,unknown
data/raw/spk06/unknown/unknown_0005.wav,spk06,unknown
data/raw/spk06/unknown/unknown_0006.wav,spk06,unknown
data/raw/spk06/unknown/unknown_0007.wav,spk06,unknown
data/raw/spk06/unknown/unknown_0008.wav,spk06,unknown
data/raw/spk06/unknown/unknown_0009.wav,spk06,unknown
data/raw/spk06/unknown/unknown_0010.wav,spk06,unknown
data/raw/spk06/unknown/unknown_0011.wav,spk06,unknown
data/raw/spk06/unknown/unknown_0012.wav,spk06,unknown
data/raw/spk06/unknown/unknown_0013.wav,spk06,unknown
data/raw/spk06/unknown/unknown_0014.wav,spk06,unknown
data/raw/spk06/unknown/unknown_0015.wav,spk06,unknown
data/raw/spk06/unknown/unknown_0016.wav,spk06,unknown
data/raw/spk06/unknown/unknown_0017.wav,spk06,unknown
data/raw/spk06/unknown/unknown_0018.wav,spk06,unknown
data/raw/spk06/unknown/unknown_0019.wav,spk06,unknown
data/raw/spk06/unknown/unknown_0020.wav,spk06,unknown
data/raw/spk06/unknown/unknown_0021.wav,spk06,unknown
data/raw/spk06/unknown/unknown_0022.wav,spk06,unknown
data/raw/spk06/unknown/unknown_0023.wav,spk06,unknown
data/raw/spk06/unknown/unknown_0024.wav,spk06,unknown
data/raw/spk06/unknown/unknown_0025.wav,spk06,unknown
data/raw/spk06/unknown/unknown_0026.wav,spk06,unknown
data/raw/spk06/unknown/unknown_0027.wav,spk06,unknown
data/raw/spk06/unknown/unknown_0028.wav,spk06,unknown
data/raw/spk06/unknown/unknown_0029.wav,spk06,unknown
data/raw/spk06/unknown/unknown_0030.wav,spk06,unknown
data/raw/spk06/unknown/unknown_0031.wav,spk06,unknown
data/raw/spk06/unknown/unknown_0032.wav,spk06,unknown
data/raw/spk06/unknown/unknown_0033.wav,spk06,unknown
data/raw/spk06/unknown/unknown_0034.wav,spk06,unknown
data/raw/spk06/unknown/unknown_0035.wav,spk06,unknown
data/raw/spk06/unknown/unknown_0036.wav,spk06,unknown
data/raw/spk06/unknown/unknown_0037.wav,spk06,unknown
data/raw/spk06/unknown/unknown_0038.wav,spk06,unknown
data/raw/spk06/unknown/unknown_0039.wav,spk06,unknown
data/raw/spk06/unknown/unknown_0040.wav,spk06,unknown
data/raw/spk06/unknown/unknown_0041.wav,spk06,unknown
data/raw/spk06/unknown/unknown_0042.wav,spk06,unknown
data/raw/spk06/unknown/unknown_0043.wav,spk06,unknown
data/raw/spk06/unknown/unknown_0044.wav,spk06,unknown
data/raw/spk06/unknown/unknown_0045.wav,spk06,unknown
data/raw/spk06/unknown/unknown_0046.wav,spk06,unknown
data/raw/spk06/unknown/unknown_0047.wav,spk06,unknown
data/raw/spk06/unknown/unknown_0048.wav,spk06,unknown
data/raw/spk06/unknown/unknown_0049.wav,spk06,unknown
data/raw/spk06/unknown/unknown_0050.wav,spk06,unknown
data/raw/spk06/unknown/unknown_0051.wav,spk06,unknown
data/raw/spk06/unknown/unknown_0052.wav,spk06,unknown
data/raw/spk06/unknown/unknown_0053.wav,spk06,unknown
data/raw/spk06/unknown/unknown_0054.wav,spk06,unknown
data/raw/spk06/unknown/unknown_0055.wav,spk06,unknown
data/raw/spk06/unknown/unknown_0056.wav,spk06,unknown
data/raw/spk06/unknown/unknown_0057.wav,spk06,unknown
data/raw/spk06/unknown/unknown_0058.wav,spk06,unknown
data/raw/spk06/unknown/unknown_0059.wav,spk06,unknown
data/raw/spk06/unknown/unknown_0060.wav,spk06,unknown
data/raw/spk06/unknown/unknown_0061.wav,spk06,unknown
data/raw/spk06/unknown/unknown_0062.wav,spk06,unknown
data/raw/spk06/unknown/unknown_0063.wav,spk06,unknown
data/raw/spk06/unknown/unknown_0064.wav,spk06,unknown
data/raw/spk06/unknown/unknown_0065.wav,spk06,unknown
data/raw/spk06/unknown/unknown_0066.wav,spk06,unknown
data/raw/spk06/unknown/unknown_0067.wav,spk06,unknown
data/raw/spk06/unknown/unknown_0068.wav,spk06,unknown
data/raw/spk06/unknown/unknown_0069.wav,spk06,unknown
